{
    "Name": "Gator SingleWishbone Front",
    "Type": "Suspension",
    "Template": "SingleWishbone",
  
    "Vehicle-Frame Inertia": false,
  
    "Camber Angle (deg)": 0,
    "Toe Angle (deg)": 0,
  
    "Spindle": {
      "Mass": 3.0,
      "COM": [ 0, 0.56, -0.02 ],
      "Inertia": [ 0.001, 0.0018, 0.001 ],
      "Radius": 0.06,
      "Width": 0.025
    },
  
    "Upright": {
      "Mass": 1.5,
      "COM": [ 0, 0.5, -0.02 ],
      "Moments of Inertia": [ 0.0138, 0.0146, 0.00283 ],
      "Products of Inertia": [ 0, 0, 0 ],
      "Radius": 0.01
    },
  

    "Control Arm": {
      "Mass": 0.05619,
      "COM": [ -0.45402253, 0.34347653, -0.01000824 ],
      "Moments of Inertia": [ 6.88078, 12.11150, 18.50384],
      "Products of Inertia": [ -8.80481, 0.28489, -0.19755 ], 
      "Radius": 0.01016,
      "Location Chassis": [ 0.02, 0.39348, -0.69529 ],
      "Location Upright": [ -0.5796, 0.3621, -0.231 ]
    },
  
    "Tierod": {
      "Location Chassis": [ 0.02, 0.39348, -0.69529 ],
      "Location Upright": [ 0.6653, 0.24244, 0 ]
    },
  
    "Shock": {
      "Location Chassis": [ 0.30896, 0.43979, 0.02393 ],
      "Location Arm": [ 0, 0.39, -0.015 ],
      "Spring Coefficient": 300000.0,
      "Damping Coefficient": 20000.0,
      "Free Length": 0.3717
    },
  
    "Axle": {
      "Inertia": 0.4
    }
  }